https://twitter.com/SenTedCruz			
https://twitter.com/SebGorka			
https://twitter.com/mattgaetz			
https://twitter.com/MarshaBlackburn			
https://twitter.com/JennaEllisEsq			
https://twitter.com/marcorubio			
https://twitter.com/GOPChairwoman
https://twitter.com/GOPLeader
https://twitter.com/HouseGOP			
https://twitter.com/JaniceDean			
https://twitter.com/EliseStefanik			
https://twitter.com/LisaMarieBoothe			
https://twitter.com/RonnyJacksonTX			
https://twitter.com/TomCottonAR			
https://twitter.com/RepAndyBiggsAZ			
https://twitter.com/MonicaCrowley			
https://twitter.com/RepStefanik			
https://twitter.com/jsolomonReports			
https://twitter.com/SaraCarterDC			
https://twitter.com/DailyCaller